{
  "BeanShell Sampler" : {
    "transaction" : "BeanShell Sampler",
    "sampleCount" : 9,
    "errorCount" : 0,
    "errorPct" : 0.0,
    "meanResTime" : 79.77777777777777,
    "medianResTime" : 101.0,
    "minResTime" : 29.0,
    "maxResTime" : 109.0,
    "pct1ResTime" : 109.0,
    "pct2ResTime" : 109.0,
    "pct3ResTime" : 109.0,
    "throughput" : 12.838801711840228,
    "receivedKBytesPerSec" : 0.0,
    "sentKBytesPerSec" : 0.0
  },
  "Total" : {
    "transaction" : "Total",
    "sampleCount" : 18027,
    "errorCount" : 3220,
    "errorPct" : 17.862095,
    "meanResTime" : 15183.48726909632,
    "medianResTime" : 13811.0,
    "minResTime" : 8.0,
    "maxResTime" : 57032.0,
    "pct1ResTime" : 30080.0,
    "pct2ResTime" : 30104.0,
    "pct3ResTime" : 30123.0,
    "throughput" : 0.5750604264832122,
    "receivedKBytesPerSec" : 281.015116482374,
    "sentKBytesPerSec" : 0.0
  },
  "login-0" : {
    "transaction" : "login-0",
    "sampleCount" : 9,
    "errorCount" : 0,
    "errorPct" : 0.0,
    "meanResTime" : 41.0,
    "medianResTime" : 25.0,
    "minResTime" : 8.0,
    "maxResTime" : 85.0,
    "pct1ResTime" : 85.0,
    "pct2ResTime" : 85.0,
    "pct3ResTime" : 85.0,
    "throughput" : 14.423076923076923,
    "receivedKBytesPerSec" : 1945.5331655649038,
    "sentKBytesPerSec" : 0.0
  },
  "login" : {
    "transaction" : "login",
    "sampleCount" : 9,
    "errorCount" : 0,
    "errorPct" : 0.0,
    "meanResTime" : 1166.111111111111,
    "medianResTime" : 1086.0,
    "minResTime" : 921.0,
    "maxResTime" : 1364.0,
    "pct1ResTime" : 1364.0,
    "pct2ResTime" : 1364.0,
    "pct3ResTime" : 1364.0,
    "throughput" : 4.792332268370607,
    "receivedKBytesPerSec" : 664.5097011448349,
    "sentKBytesPerSec" : 0.0
  },
  "Scan Ticket" : {
    "transaction" : "Scan Ticket",
    "sampleCount" : 18000,
    "errorCount" : 3220,
    "errorPct" : 17.88889,
    "meanResTime" : 15205.619055555544,
    "medianResTime" : 13830.5,
    "minResTime" : 438.0,
    "maxResTime" : 57032.0,
    "pct1ResTime" : 30080.0,
    "pct2ResTime" : 30104.0,
    "pct3ResTime" : 30123.0,
    "throughput" : 0.5742257251976437,
    "receivedKBytesPerSec" : 280.9495932448648,
    "sentKBytesPerSec" : 0.0
  }
}